position,video_id,title,upload_date,url,channel_id,channel_title,availability,duration,view_count
1,hVkuo8sef0g,GPT 5.4 Trading Bot That Removes Emotion Completely,,https://www.youtube.com/watch?v=hVkuo8sef0g,UCN7D80fY9xMYu5mHhUhXEFw,Moon Dev,,385.0,897
2,zmoAR8Xn0vI,OpenAIs GPT 5.4 May Have Just Broke Trading,,https://www.youtube.com/watch?v=zmoAR8Xn0vI,UCN7D80fY9xMYu5mHhUhXEFw,Moon Dev,,3532.0,1425
3,_LEmAeA_dKc,The $10/mo Claude Code Setup Nobody's Talking About,,https://www.youtube.com/watch?v=_LEmAeA_dKc,UCN7D80fY9xMYu5mHhUhXEFw,Moon Dev,,1665.0,1521
4,NORE7LoTxzY,Claude Chrome Built My WW3 Trading Bot,,https://www.youtube.com/watch?v=NORE7LoTxzY,UCN7D80fY9xMYu5mHhUhXEFw,Moon Dev,,5521.0,968
5,TzZVeh4gHbk,i stopped using openclaw after finding this,,https://www.youtube.com/watch?v=TzZVeh4gHbk,UCN7D80fY9xMYu5mHhUhXEFw,Moon Dev,,788.0,2580
6,KVSuE-NKhH4,I automated my trading and stopped getting wrecked,,https://www.youtube.com/watch?v=KVSuE-NKhH4,UCN7D80fY9xMYu5mHhUhXEFw,Moon Dev,,14936.0,1339
7,8kgUkgyLlbc,Claude Code's New Secret Feature Nobody Is Talking About (Remote Control),,https://www.youtube.com/watch?v=8kgUkgyLlbc,UCN7D80fY9xMYu5mHhUhXEFw,Moon Dev,,480.0,955
8,CWAJxOBRc9g,why solana is the best casino for retail traders,,https://www.youtube.com/watch?v=CWAJxOBRc9g,UCN7D80fY9xMYu5mHhUhXEFw,Moon Dev,,109.0,428
9,cbnpy47D3QE,why i bought 15 courses to automate my trading,,https://www.youtube.com/watch?v=cbnpy47D3QE,UCN7D80fY9xMYu5mHhUhXEFw,Moon Dev,,90.0,665
10,vYotVjCc-Ak,wall street sees your positions so you need to automate,,https://www.youtube.com/watch?v=vYotVjCc-Ak,UCN7D80fY9xMYu5mHhUhXEFw,Moon Dev,,37.0,230
11,_qxQ0G_O0H4,how losing 10k taught me to build a profitable framework,,https://www.youtube.com/watch?v=_qxQ0G_O0H4,UCN7D80fY9xMYu5mHhUhXEFw,Moon Dev,,61.0,155
12,njrYg6t4Pkw,how getting liquidated led me to build the rbi framework,,https://www.youtube.com/watch?v=njrYg6t4Pkw,UCN7D80fY9xMYu5mHhUhXEFw,Moon Dev,,58.0,122
13,P8w1kqIND0c,explaining alpha decay and why you cant share bots,,https://www.youtube.com/watch?v=P8w1kqIND0c,UCN7D80fY9xMYu5mHhUhXEFw,Moon Dev,,86.0,155
14,YLv6Byjff-M,ai cooked up 30 backtests instead of waiting eight hours,,https://www.youtube.com/watch?v=YLv6Byjff-M,UCN7D80fY9xMYu5mHhUhXEFw,Moon Dev,,49.0,120
15,y4I4WJhdG-4,trading liquidations for cascades or mean reversion,,https://www.youtube.com/watch?v=y4I4WJhdG-4,UCN7D80fY9xMYu5mHhUhXEFw,Moon Dev,,41.0,126
16,U-o2-fuY_lM,the tragedy that made me automate my trading,,https://www.youtube.com/watch?v=U-o2-fuY_lM,UCN7D80fY9xMYu5mHhUhXEFw,Moon Dev,,228.0,239
17,cNbRD_g-4Lo,using limit orders extends your trading life by 717 days,,https://www.youtube.com/watch?v=cNbRD_g-4Lo,UCN7D80fY9xMYu5mHhUhXEFw,Moon Dev,,97.0,169
18,VUfaHnx-ASI,my bots paid off 166k in medical bills,,https://www.youtube.com/watch?v=VUfaHnx-ASI,UCN7D80fY9xMYu5mHhUhXEFw,Moon Dev,,68.0,453
19,oRbHzEIX7NA,why emotional triggers fire faster than logic,,https://www.youtube.com/watch?v=oRbHzEIX7NA,UCN7D80fY9xMYu5mHhUhXEFw,Moon Dev,,199.0,114
20,Fz08W30M2Ic,i met a guy pushing a billion dollars a day with automated trading,,https://www.youtube.com/watch?v=Fz08W30M2Ic,UCN7D80fY9xMYu5mHhUhXEFw,Moon Dev,,41.0,499
21,d7g8Bt3Vr4g,"Openclaw Changed My Life, So I'm Leaving Now.",,https://www.youtube.com/watch?v=d7g8Bt3Vr4g,UCN7D80fY9xMYu5mHhUhXEFw,Moon Dev,,7753.0,3203
22,1Mt2uihRx_U,"everyone is hyping up openclaw, but its actually janky af",,https://www.youtube.com/watch?v=1Mt2uihRx_U,UCN7D80fY9xMYu5mHhUhXEFw,Moon Dev,,48.0,786
23,9o2sMQQrJWo,if you are trading blind you will lose all of your money,,https://www.youtube.com/watch?v=9o2sMQQrJWo,UCN7D80fY9xMYu5mHhUhXEFw,Moon Dev,,211.0,523
24,4H-2Dnz345Y,hyperliquid can be bigger than amazon. they are in the absolute best position of any company,,https://www.youtube.com/watch?v=4H-2Dnz345Y,UCN7D80fY9xMYu5mHhUhXEFw,Moon Dev,,503.0,874
25,XwUet0p5n94,got my 2 openclaw quants running 24/7 now. they will be chasing Jim Simons all day and night,,https://www.youtube.com/watch?v=XwUet0p5n94,UCN7D80fY9xMYu5mHhUhXEFw,Moon Dev,,76.0,534
26,3itNFe1Nf9k,Openclaw is cool and this is how i will have unlimited homerun opportunities off it,,https://www.youtube.com/watch?v=3itNFe1Nf9k,UCN7D80fY9xMYu5mHhUhXEFw,Moon Dev,,236.0,719
27,TX5ViKbw0LU,4 OpenClaws Are Building My Trading Bots Right Now,,https://www.youtube.com/watch?v=TX5ViKbw0LU,UCN7D80fY9xMYu5mHhUhXEFw,Moon Dev,,13642.0,2611
28,eIEYAuvfl04,How To Actually Automate Your Trading in 2026 (WATCH BEFORE ZOOM),,https://www.youtube.com/watch?v=eIEYAuvfl04,UCN7D80fY9xMYu5mHhUhXEFw,Moon Dev,,3066.0,3245
29,ig1152yGMUA,6 Claude Codes Now Feed 5 Openclaws That Work 24/7,,https://www.youtube.com/watch?v=ig1152yGMUA,UCN7D80fY9xMYu5mHhUhXEFw,Moon Dev,,1570.0,1423
30,uOrqrXUM3dc,OpenClaw Masterclass: Everything I Learned in 100 Hours (So You Can Skip the Pain),,https://www.youtube.com/watch?v=uOrqrXUM3dc,UCN7D80fY9xMYu5mHhUhXEFw,Moon Dev,,2312.0,4384
31,U5tAZTvuaxU,"Made $242,328 Before My 2nd Openclaw",,https://www.youtube.com/watch?v=U5tAZTvuaxU,UCN7D80fY9xMYu5mHhUhXEFw,Moon Dev,,10736.0,3517
32,fc0pn1t0sbk,Openclaw Opus levelsmart  but 95% cheaper,,https://www.youtube.com/watch?v=fc0pn1t0sbk,UCN7D80fY9xMYu5mHhUhXEFw,Moon Dev,,3380.0,1889
33,s1EgH092w2E,Openclaw for Longevity (it will help us live to 200),,https://www.youtube.com/watch?v=s1EgH092w2E,UCN7D80fY9xMYu5mHhUhXEFw,Moon Dev,,1773.0,526
34,xAzfGeUYD64,Moon Dev App Tutorial (Code & Backtest Tab),,https://www.youtube.com/watch?v=xAzfGeUYD64,UCN7D80fY9xMYu5mHhUhXEFw,Moon Dev,,1256.0,2200
35,uXkZ2d1VvYY,Openclaw Use Cases That Actually Print Money,,https://www.youtube.com/watch?v=uXkZ2d1VvYY,UCN7D80fY9xMYu5mHhUhXEFw,Moon Dev,,1068.0,7549
36,rrLnJO5x_Po,This AI Bot Trades Polymarket 24/7 While I Sleep (Full Claude Code Build),,https://www.youtube.com/watch?v=rrLnJO5x_Po,UCN7D80fY9xMYu5mHhUhXEFw,Moon Dev,,736.0,14191
37,LaaSv3AF6TE,OpenClaw: Why Your Career Has an Expiration Date Now,,https://www.youtube.com/watch?v=LaaSv3AF6TE,UCN7D80fY9xMYu5mHhUhXEFw,Moon Dev,,630.0,1120
38,MChfFxuPDfM,here's that billion dollar openclaw tiktok stocks code,,https://www.youtube.com/watch?v=MChfFxuPDfM,UCN7D80fY9xMYu5mHhUhXEFw,Moon Dev,,1744.0,4164
39,UaCzTa2-eno,Openclaw for Tradingview [ABSOLUTE GAME CHANGER],,https://www.youtube.com/watch?v=UaCzTa2-eno,UCN7D80fY9xMYu5mHhUhXEFw,Moon Dev,,2214.0,21024
40,WxyDTP1s8zM,Claude Code Agent Teams Just Broke Coding,,https://www.youtube.com/watch?v=WxyDTP1s8zM,UCN7D80fY9xMYu5mHhUhXEFw,Moon Dev,,4094.0,1456
41,mGE6KwoODp8,Openclaw for Scrolling Tiktok & Finding Trends,,https://www.youtube.com/watch?v=mGE6KwoODp8,UCN7D80fY9xMYu5mHhUhXEFw,Moon Dev,,667.0,4105
42,_XSpb8MG4Pc,Opus 4.6 Just Made Every Trader Obsolete (Full Bot Build Tutorial),,https://www.youtube.com/watch?v=_XSpb8MG4Pc,UCN7D80fY9xMYu5mHhUhXEFw,Moon Dev,,10171.0,7383
43,jRZNz0QKwW8,"Clawbot Trading Bot That Did 7,547%… What's the Catch?",,https://www.youtube.com/watch?v=jRZNz0QKwW8,UCN7D80fY9xMYu5mHhUhXEFw,Moon Dev,,17697.0,5141
44,XJoqsxB2mbI,Clawdbot is making everyone buy Mac Minis (Save Your Money & Do This Instead),,https://www.youtube.com/watch?v=XJoqsxB2mbI,UCN7D80fY9xMYu5mHhUhXEFw,Moon Dev,,965.0,2648
45,TJFrxFZU0RU,Clawedbot Internal Quant Zoom Call (Deleting in 72 hours),,https://www.youtube.com/watch?v=TJFrxFZU0RU,UCN7D80fY9xMYu5mHhUhXEFw,Moon Dev,,17762.0,2639
46,gej2RO55zxQ,"Clawdbot For Trading is UNSTOPPABLE (71,057% ROI)",,https://www.youtube.com/watch?v=gej2RO55zxQ,UCN7D80fY9xMYu5mHhUhXEFw,Moon Dev,,3622.0,20096
47,utkHIrvZ2Hw,I Let AI Agents Trade Polymarket for 24 Hours (The Results are Insane),,https://www.youtube.com/watch?v=utkHIrvZ2Hw,UCN7D80fY9xMYu5mHhUhXEFw,Moon Dev,,829.0,18163
48,UgfnfZocKsw,Most Claude Bots are Slop. This is how to actually build trading bots,,https://www.youtube.com/watch?v=UgfnfZocKsw,UCN7D80fY9xMYu5mHhUhXEFw,Moon Dev,,12357.0,2848
49,3AmL2qcXB5k,How To Use AI To build Trading Bots (2026 Masterclass),,https://www.youtube.com/watch?v=3AmL2qcXB5k,UCN7D80fY9xMYu5mHhUhXEFw,Moon Dev,,12792.0,10047
50,YkehQNsx7uE,Prop Firms Charge You to Fail. I'll Pay You to Trade.,,https://www.youtube.com/watch?v=YkehQNsx7uE,UCN7D80fY9xMYu5mHhUhXEFw,Moon Dev,,832.0,2290
51,xGVtyPl8Png,Jan 15 Live: This is Why You CAN NOT trade by hand in 2026 ($4.5M trade),,https://www.youtube.com/watch?v=xGVtyPl8Png,UCN7D80fY9xMYu5mHhUhXEFw,Moon Dev,,12528.0,1393
52,2XUeWkKOAOE,AI Agents Extracting On The Hyperliquid Data Layer,,https://www.youtube.com/watch?v=2XUeWkKOAOE,UCN7D80fY9xMYu5mHhUhXEFw,Moon Dev,,6042.0,675
53,jS-4rwg15H4,Quant App Full Step By Step Training,,https://www.youtube.com/watch?v=jS-4rwg15H4,UCN7D80fY9xMYu5mHhUhXEFw,Moon Dev,,3844.0,2013
54,-M87aT8xF-0,Quant App Trade Scheduling & Execution,,https://www.youtube.com/watch?v=-M87aT8xF-0,UCN7D80fY9xMYu5mHhUhXEFw,Moon Dev,,977.0,699
55,33_r5ulgIrc,Real Time Trader Position Trading & Liquidations w/ Quant App,,https://www.youtube.com/watch?v=33_r5ulgIrc,UCN7D80fY9xMYu5mHhUhXEFw,Moon Dev,,385.0,559
56,MI_4wpCfcNA,Quant App As An Always On Risk Manager,,https://www.youtube.com/watch?v=MI_4wpCfcNA,UCN7D80fY9xMYu5mHhUhXEFw,Moon Dev,,575.0,406
57,MMICWnka6jg,Quant App Explained: Risk & Liquidation Trading App,,https://www.youtube.com/watch?v=MMICWnka6jg,UCN7D80fY9xMYu5mHhUhXEFw,Moon Dev,,1910.0,2417
58,trm9bJKDbZQ,Hyperliquid Just Leaked Every Whale's Position - Here's How To See It,,https://www.youtube.com/watch?v=trm9bJKDbZQ,UCN7D80fY9xMYu5mHhUhXEFw,Moon Dev,,703.0,1403
59,8dUvxtcT03o,Why Hyperliquid Is Destroying Wall Street's Monopoly,,https://www.youtube.com/watch?v=8dUvxtcT03o,UCN7D80fY9xMYu5mHhUhXEFw,Moon Dev,,1009.0,1005
60,DJ8lDTOm9-o,Hyperliquid's Trillion Dollar Problem? I Built the Fix.,,https://www.youtube.com/watch?v=DJ8lDTOm9-o,UCN7D80fY9xMYu5mHhUhXEFw,Moon Dev,,788.0,977
61,ofqTk457lQI,I Gave an AI Agent Eyes. It Found Patterns I Missed for 10 Years.,,https://www.youtube.com/watch?v=ofqTk457lQI,UCN7D80fY9xMYu5mHhUhXEFw,Moon Dev,,392.0,2140
62,IhynASrLPRo,0DTE Options Trading Bot (& All The Greeks),,https://www.youtube.com/watch?v=IhynASrLPRo,UCN7D80fY9xMYu5mHhUhXEFw,Moon Dev,,3604.0,685
63,DDBeopkF0Sw,"The Strategy I Wasn't Going to Share (192,726% ROI)",,https://www.youtube.com/watch?v=DDBeopkF0Sw,UCN7D80fY9xMYu5mHhUhXEFw,Moon Dev,,393.0,4862
64,oqmsYNWL1Lk,How I Know When the Market Is About to Flip,,https://www.youtube.com/watch?v=oqmsYNWL1Lk,UCN7D80fY9xMYu5mHhUhXEFw,Moon Dev,,1038.0,976
65,_dbzx2d5x_A,I Haven't Manually Backtested in 6 Months (ai agents do),,https://www.youtube.com/watch?v=_dbzx2d5x_A,UCN7D80fY9xMYu5mHhUhXEFw,Moon Dev,,617.0,944
66,TMUOWi3ZsEo,How To Build a Trading Bot in 2026 (Even If You Can't Code),,https://www.youtube.com/watch?v=TMUOWi3ZsEo,UCN7D80fY9xMYu5mHhUhXEFw,Moon Dev,,485.0,6381
67,lfrPmDOddh4,Jim Simon's Top 3 Interviews Ever Legendary,,https://www.youtube.com/watch?v=lfrPmDOddh4,UCN7D80fY9xMYu5mHhUhXEFw,Moon Dev,,6668.0,764
68,aL7CDzHCjDg,The Market Isn't Crashing. You're Just Getting Harvested.,,https://www.youtube.com/watch?v=aL7CDzHCjDg,UCN7D80fY9xMYu5mHhUhXEFw,Moon Dev,,466.0,710
69,zL5ZDxm7h1c,The Losing Trader to Profitable Quant Pipeline Nobody Talks About,,https://www.youtube.com/watch?v=zL5ZDxm7h1c,UCN7D80fY9xMYu5mHhUhXEFw,Moon Dev,,588.0,834
70,onFTK1R1V2w,Everyone wants to Trade with 40x Leverage So i Automated it,,https://www.youtube.com/watch?v=onFTK1R1V2w,UCN7D80fY9xMYu5mHhUhXEFw,Moon Dev,,36424.0,1244
71,NL_yhdPWnOw,"I tracked 5,000 whale traders on Hyperliquid and here's what happened",,https://www.youtube.com/watch?v=NL_yhdPWnOw,UCN7D80fY9xMYu5mHhUhXEFw,Moon Dev,,516.0,5394
72,DJSbFzj3V5o,Free Crypto Data Source Every Trader Needs,,https://www.youtube.com/watch?v=DJSbFzj3V5o,UCN7D80fY9xMYu5mHhUhXEFw,Moon Dev,,457.0,2609
73,zNtSOxKlNl8,I Found 5 Strategies Nobody's Talking About (514%),,https://www.youtube.com/watch?v=zNtSOxKlNl8,UCN7D80fY9xMYu5mHhUhXEFw,Moon Dev,,1081.0,1328
74,PvTKTQikbEY,I Found a Strategy That Makes Buy & Hold Look Like a Joke (14x Better),,https://www.youtube.com/watch?v=PvTKTQikbEY,UCN7D80fY9xMYu5mHhUhXEFw,Moon Dev,,5609.0,1095
75,Ys_iG5ZXTZ8,Trade Automatically Without Emotions (Here's How),,https://www.youtube.com/watch?v=Ys_iG5ZXTZ8,UCN7D80fY9xMYu5mHhUhXEFw,Moon Dev,,5811.0,1033
76,qsgtmPWdC2U,Last Trading Bot Video That Got Me Banned,,https://www.youtube.com/watch?v=qsgtmPWdC2U,UCN7D80fY9xMYu5mHhUhXEFw,Moon Dev,,5016.0,1680
77,rRMxBCRnPRo,everything i wish i knew when i got started w/ trading bots,,https://www.youtube.com/watch?v=rRMxBCRnPRo,UCN7D80fY9xMYu5mHhUhXEFw,Moon Dev,,595.0,777
78,vyBGuvsHfHg,How To Run Multiple Trading Bots In The Cloud 24/7 (w/ Cherry Servers),,https://www.youtube.com/watch?v=vyBGuvsHfHg,UCN7D80fY9xMYu5mHhUhXEFw,Moon Dev,,781.0,1370
79,GDUl5cJMZNk,ngl gng quit trading manually after this one vid frfr,,https://www.youtube.com/watch?v=GDUl5cJMZNk,UCN7D80fY9xMYu5mHhUhXEFw,Moon Dev,,28431.0,780
80,tZ75-0StmGs,claude opus 4.5 for polymarket is life changing,,https://www.youtube.com/watch?v=tZ75-0StmGs,UCN7D80fY9xMYu5mHhUhXEFw,Moon Dev,,1330.0,4804
81,ZpwnSn_TFio,"opus 4.5 polymarket bot just returned 1,266% in 4 minutes",,https://www.youtube.com/watch?v=ZpwnSn_TFio,UCN7D80fY9xMYu5mHhUhXEFw,Moon Dev,,155.0,27642
82,eM4QqMoRfso,the actual black friday deal for traders,,https://www.youtube.com/watch?v=eM4QqMoRfso,UCN7D80fY9xMYu5mHhUhXEFw,Moon Dev,,608.0,233
83,QYY7Qrklzn4,Claude Opus 4.5 for Real Life Trading Bots,,https://www.youtube.com/watch?v=QYY7Qrklzn4,UCN7D80fY9xMYu5mHhUhXEFw,Moon Dev,,6507.0,2955
84,S25wPRbM4RU,Claude Opus 4.5 For Polymarket Is a Cheat Code,,https://www.youtube.com/watch?v=S25wPRbM4RU,UCN7D80fY9xMYu5mHhUhXEFw,Moon Dev,,973.0,9736
85,LwrTgXUpOi4,how to actually make $100 per day all 2026,,https://www.youtube.com/watch?v=LwrTgXUpOi4,UCN7D80fY9xMYu5mHhUhXEFw,Moon Dev,,399.0,1146
86,Ky5Y6VXRkjA,Claude Opus 4.5 Just Changed Trading Forever,,https://www.youtube.com/watch?v=Ky5Y6VXRkjA,UCN7D80fY9xMYu5mHhUhXEFw,Moon Dev,,1220.0,5157
87,bBCqmlTwx-w,i can see all traders positions & liquidation levels (you get the code),,https://www.youtube.com/watch?v=bBCqmlTwx-w,UCN7D80fY9xMYu5mHhUhXEFw,Moon Dev,,1315.0,2398
88,qtdf6RktB8g,AI agents for POLYMARKET that actually CRACKED the CODE,,https://www.youtube.com/watch?v=qtdf6RktB8g,UCN7D80fY9xMYu5mHhUhXEFw,Moon Dev,,608.0,14721
89,uwKwEA9fYSk,"ai agents that actually trade live (+$1,156 pnl)",,https://www.youtube.com/watch?v=uwKwEA9fYSk,UCN7D80fY9xMYu5mHhUhXEFw,Moon Dev,,20078.0,1810
90,ctmDiTZl8yw,"i gave ai $10,000 to trade for me...",,https://www.youtube.com/watch?v=ctmDiTZl8yw,UCN7D80fY9xMYu5mHhUhXEFw,Moon Dev,,7331.0,1026
91,yiPcIg-LZ44,Jim Simons' Regime Secret Exposed,,https://www.youtube.com/watch?v=yiPcIg-LZ44,UCN7D80fY9xMYu5mHhUhXEFw,Moon Dev,,1212.0,1442
92,-44SEVT5h4k,Polymarket Dashboard to See Whale's Trades,,https://www.youtube.com/watch?v=-44SEVT5h4k,UCN7D80fY9xMYu5mHhUhXEFw,Moon Dev,,181.0,1204
93,Cp6p-Wxkb-0,AI to find 10x trades BEFORE they EXPLODE,,https://www.youtube.com/watch?v=Cp6p-Wxkb-0,UCN7D80fY9xMYu5mHhUhXEFw,Moon Dev,,619.0,1830
94,6X_DJ-r_QHk,everything a new algo trader wish they knew,,https://www.youtube.com/watch?v=6X_DJ-r_QHk,UCN7D80fY9xMYu5mHhUhXEFw,Moon Dev,,15600.0,801
95,QGlLjv7IDtA,AI Agents That NEVER miss a Runner,,https://www.youtube.com/watch?v=QGlLjv7IDtA,UCN7D80fY9xMYu5mHhUhXEFw,Moon Dev,,3521.0,927
96,aOMGCpA5f_A,Claude just made me a ARBITRAGE trading bot,,https://www.youtube.com/watch?v=aOMGCpA5f_A,UCN7D80fY9xMYu5mHhUhXEFw,Moon Dev,,3279.0,1886
97,-5P7lGgsauk,How To Actually Use AI To Automate Your Trading,,https://www.youtube.com/watch?v=-5P7lGgsauk,UCN7D80fY9xMYu5mHhUhXEFw,Moon Dev,,2472.0,2631
98,UHUqEQAHwak,Polymarket AI Agents Are About To TAKE OVER,,https://www.youtube.com/watch?v=UHUqEQAHwak,UCN7D80fY9xMYu5mHhUhXEFw,Moon Dev,,900.0,6694
99,VQ3e5wY3lZ0,ai agents that actually find profitable trading strategies,,https://www.youtube.com/watch?v=VQ3e5wY3lZ0,UCN7D80fY9xMYu5mHhUhXEFw,Moon Dev,,13085.0,1352
100,6Gaibe4fctk,cheat code,,https://www.youtube.com/watch?v=6Gaibe4fctk,UCN7D80fY9xMYu5mHhUhXEFw,Moon Dev,,17745.0,746
101,l3QRWgXfiDE,How I Turned This Book into GREAT Trading Bot Ideas,,https://www.youtube.com/watch?v=l3QRWgXfiDE,UCN7D80fY9xMYu5mHhUhXEFw,Moon Dev,,3129.0,869
102,GPCGDC15fm4,literally everything an automated trader needs,,https://www.youtube.com/watch?v=GPCGDC15fm4,UCN7D80fY9xMYu5mHhUhXEFw,Moon Dev,,21871.0,3280
103,Q_UHVnhxL-Q,Polymarket Trading Agents (Humans Cant Trade Better),,https://www.youtube.com/watch?v=Q_UHVnhxL-Q,UCN7D80fY9xMYu5mHhUhXEFw,Moon Dev,,4483.0,1855
104,D0VRQj0tuCI,AI Agents For Trading Just Got a Revolutionary Update,,https://www.youtube.com/watch?v=D0VRQj0tuCI,UCN7D80fY9xMYu5mHhUhXEFw,Moon Dev,,764.0,2919
105,IasvpadQPwA,Claude Skills Changed Trading Forever w Ai Agents,,https://www.youtube.com/watch?v=IasvpadQPwA,UCN7D80fY9xMYu5mHhUhXEFw,Moon Dev,,2296.0,4466
106,7n-7QmRGYe4,this ai agent just changed prompting forever,,https://www.youtube.com/watch?v=7n-7QmRGYe4,UCN7D80fY9xMYu5mHhUhXEFw,Moon Dev,,112.0,725
107,QTnAuUlNEvU,A Swarm Of AI Agents Trading Crypto,,https://www.youtube.com/watch?v=QTnAuUlNEvU,UCN7D80fY9xMYu5mHhUhXEFw,Moon Dev,,12889.0,798
108,WfL28CtHBMM,how to actually automate your trading ($100 off),,https://www.youtube.com/watch?v=WfL28CtHBMM,UCN7D80fY9xMYu5mHhUhXEFw,Moon Dev,,12155.0,827
109,PpYmhgDMcj4,AI Agents For Algorithmic Trading ($100 OFF),,https://www.youtube.com/watch?v=PpYmhgDMcj4,UCN7D80fY9xMYu5mHhUhXEFw,Moon Dev,,13139.0,1640
110,D3OQvR58A-Y,How To Use Claude Code From Your Phone So You Can Code Anywhere,,https://www.youtube.com/watch?v=D3OQvR58A-Y,UCN7D80fY9xMYu5mHhUhXEFw,Moon Dev,,596.0,1083
111,8UzepCMlMec,AI Agents For Finding Winning Trading Strategies,,https://www.youtube.com/watch?v=8UzepCMlMec,UCN7D80fY9xMYu5mHhUhXEFw,Moon Dev,,23015.0,1181
112,08YKQgLP_4g,built something today that will change trading forever (free & opensource),,https://www.youtube.com/watch?v=08YKQgLP_4g,UCN7D80fY9xMYu5mHhUhXEFw,Moon Dev,,114.0,2930
113,s6tuhgQw5k4,"Asterdex AI Agents For Trading (WIN $50,000)",,https://www.youtube.com/watch?v=s6tuhgQw5k4,UCN7D80fY9xMYu5mHhUhXEFw,Moon Dev,,18274.0,1442
114,qZv6IFIkk6I,20+ Agents Now 100% Free For Everyone on Github,,https://www.youtube.com/watch?v=qZv6IFIkk6I,UCN7D80fY9xMYu5mHhUhXEFw,Moon Dev,,951.0,2979
115,CDAw8ReKmns,AI Agents For Polymarket (Free & Open Source),,https://www.youtube.com/watch?v=CDAw8ReKmns,UCN7D80fY9xMYu5mHhUhXEFw,Moon Dev,,4056.0,3869
116,f8OUAu7gGIM,AI Agent Swarms Just Added To Open Source Github,,https://www.youtube.com/watch?v=f8OUAu7gGIM,UCN7D80fY9xMYu5mHhUhXEFw,Moon Dev,,20189.0,1392
117,F8fX3HLBH_w,OpenAI's New Browser for AI Trading Agents,,https://www.youtube.com/watch?v=F8fX3HLBH_w,UCN7D80fY9xMYu5mHhUhXEFw,Moon Dev,,2498.0,2976
118,u4aFhQaZEc0,AI Agents That Trade (open sourced),,https://www.youtube.com/watch?v=u4aFhQaZEc0,UCN7D80fY9xMYu5mHhUhXEFw,Moon Dev,,17640.0,3674
119,tjY24JR8Cso,AI Agents For Trading (Free and Opensource),,https://www.youtube.com/watch?v=tjY24JR8Cso,UCN7D80fY9xMYu5mHhUhXEFw,Moon Dev,,1075.0,24603
120,RlqzkSgDKDc,Moon Dev Ai Agents Github Walkthrough,,https://www.youtube.com/watch?v=RlqzkSgDKDc,UCN7D80fY9xMYu5mHhUhXEFw,Moon Dev,,301.0,6772
121,rKpnPyzH6r4,Trading Bots Predicting Price & New Polymarket Updates,,https://www.youtube.com/watch?v=rKpnPyzH6r4,UCN7D80fY9xMYu5mHhUhXEFw,Moon Dev,,9500.0,1160
122,5lbObSjHxIw,No One Trades Timeinality So I Built A Bot To Trade It,,https://www.youtube.com/watch?v=5lbObSjHxIw,UCN7D80fY9xMYu5mHhUhXEFw,Moon Dev,,8509.0,737
123,ux42FMvmteA,how to actually use machine learning in trading bots,,https://www.youtube.com/watch?v=ux42FMvmteA,UCN7D80fY9xMYu5mHhUhXEFw,Moon Dev,,6088.0,808
124,QwX4Xgpng2M,i built an HFT trading bot from home with ai,,https://www.youtube.com/watch?v=QwX4Xgpng2M,UCN7D80fY9xMYu5mHhUhXEFw,Moon Dev,,4921.0,3072
125,SZdCPuP3KWA,Claude 4 Machine Learning HFT Trading Bots,,https://www.youtube.com/watch?v=SZdCPuP3KWA,UCN7D80fY9xMYu5mHhUhXEFw,Moon Dev,,4703.0,2424
126,dyw_bWVOHHY,Statistical Arbitrage Supply & Demand Zone Trading Bots,,https://www.youtube.com/watch?v=dyw_bWVOHHY,UCN7D80fY9xMYu5mHhUhXEFw,Moon Dev,,3413.0,983
127,tCz0mW-DrgM,Correlation Based OFI Feature Selection 4 Trading Bots,,https://www.youtube.com/watch?v=tCz0mW-DrgM,UCN7D80fY9xMYu5mHhUhXEFw,Moon Dev,,3595.0,232
128,Cdzb0A1LBgg,Copying The $8 Billion Fund's Trading Bot (Hudson River Trading),,https://www.youtube.com/watch?v=Cdzb0A1LBgg,UCN7D80fY9xMYu5mHhUhXEFw,Moon Dev,,3194.0,2195
129,NcUntt0J-04,"Investigating the Mysterious $88,000,000 short",,https://www.youtube.com/watch?v=NcUntt0J-04,UCN7D80fY9xMYu5mHhUhXEFw,Moon Dev,,4833.0,3371
130,Ke8aJDsFaZs,$20 Billion Liquidated So I Built Some HFT Trading Bots,,https://www.youtube.com/watch?v=Ke8aJDsFaZs,UCN7D80fY9xMYu5mHhUhXEFw,Moon Dev,,5973.0,2080
131,CyGP44h1j98,Claude Makes High Frequency Trading Bots Possible For Regular People,,https://www.youtube.com/watch?v=CyGP44h1j98,UCN7D80fY9xMYu5mHhUhXEFw,Moon Dev,,8277.0,839
132,a943TNT2bIA,High Frequency Trading with OFI & Liquidations,,https://www.youtube.com/watch?v=a943TNT2bIA,UCN7D80fY9xMYu5mHhUhXEFw,Moon Dev,,12608.0,715
133,kL19wF6nWCk,Claude Code Built 4 Trading Bots While GPT-5 Found Crazy Alpha,,https://www.youtube.com/watch?v=kL19wF6nWCk,UCN7D80fY9xMYu5mHhUhXEFw,Moon Dev,,7241.0,758
134,taOBbyjmvh4,Claude Code Made High Frequency Trading Possible For Retail,,https://www.youtube.com/watch?v=taOBbyjmvh4,UCN7D80fY9xMYu5mHhUhXEFw,Moon Dev,,5727.0,1701
135,DhdAgPz5ZN4,this trading bot makes it so hard to lose long term,,https://www.youtube.com/watch?v=DhdAgPz5ZN4,UCN7D80fY9xMYu5mHhUhXEFw,Moon Dev,,7036.0,621
136,hLqSyMlBrhg,a trading bot to make sure you never lose again,,https://www.youtube.com/watch?v=hLqSyMlBrhg,UCN7D80fY9xMYu5mHhUhXEFw,Moon Dev,,14697.0,1739
137,VnPs8p2Gqck,Claude Code Just Changed Algorithmic Trading Forever,,https://www.youtube.com/watch?v=VnPs8p2Gqck,UCN7D80fY9xMYu5mHhUhXEFw,Moon Dev,,7396.0,1316
138,zbDDcWC1Lfw,The Holy Grail Trading Strategy,,https://www.youtube.com/watch?v=zbDDcWC1Lfw,UCN7D80fY9xMYu5mHhUhXEFw,Moon Dev,,3785.0,1385
139,5spkASwXJqo,Sonnet 4.5 DOUBLED my trading bot's performance,,https://www.youtube.com/watch?v=5spkASwXJqo,UCN7D80fY9xMYu5mHhUhXEFw,Moon Dev,,12611.0,904
140,if4BRU2PXFs,Claude Sonnet 4.5 But In Charge of 2 Trading Bots (you get the code),,https://www.youtube.com/watch?v=if4BRU2PXFs,UCN7D80fY9xMYu5mHhUhXEFw,Moon Dev,,6196.0,1216
141,LZJhiu8hGoM,Claude Sonnet 4.5 Built Me 4 HFT Trading Bots,,https://www.youtube.com/watch?v=LZJhiu8hGoM,UCN7D80fY9xMYu5mHhUhXEFw,Moon Dev,,16458.0,3090
142,qiO8YO862jk,this bot arbitrages 7 exchanges (they wont believe it though),,https://www.youtube.com/watch?v=qiO8YO862jk,UCN7D80fY9xMYu5mHhUhXEFw,Moon Dev,,16482.0,1277
143,n5TytN0gB0E,i built a crypto arbitrage bot with AI (+ give you all code),,https://www.youtube.com/watch?v=n5TytN0gB0E,UCN7D80fY9xMYu5mHhUhXEFw,Moon Dev,,2603.0,2752
144,k-3teTMYpg8,Airdrop points are the new food farms many 10x's,,https://www.youtube.com/watch?v=k-3teTMYpg8,UCN7D80fY9xMYu5mHhUhXEFw,Moon Dev,,16322.0,1216
145,YQGp7Fk2X3E,Claude Code For Aster Trading Bots,,https://www.youtube.com/watch?v=YQGp7Fk2X3E,UCN7D80fY9xMYu5mHhUhXEFw,Moon Dev,,8468.0,593
146,pjsNcw0JNfg,Aster Trading Bot With a 83% Win Rate,,https://www.youtube.com/watch?v=pjsNcw0JNfg,UCN7D80fY9xMYu5mHhUhXEFw,Moon Dev,,9627.0,1605
147,n33F7uH9oj0,"The $700,000,000 Automated Trading Bot",,https://www.youtube.com/watch?v=n33F7uH9oj0,UCN7D80fY9xMYu5mHhUhXEFw,Moon Dev,,7273.0,2328
148,U4hzjr1YGjs,"The $500,000,000 Trading Bot",,https://www.youtube.com/watch?v=U4hzjr1YGjs,UCN7D80fY9xMYu5mHhUhXEFw,Moon Dev,,18599.0,2641
149,zyYsX_1PqMI,$1.7 Billion Liquidated So I'm Building A Liquidation Bot,,https://www.youtube.com/watch?v=zyYsX_1PqMI,UCN7D80fY9xMYu5mHhUhXEFw,Moon Dev,,14851.0,756
150,8cXhP6BgR6M,Binance Chain Trading Bot,,https://www.youtube.com/watch?v=8cXhP6BgR6M,UCN7D80fY9xMYu5mHhUhXEFw,Moon Dev,,3717.0,768
151,hXGE5Y3tBPA,This 1 Daily Habit 10x'd My Trading,,https://www.youtube.com/watch?v=hXGE5Y3tBPA,UCN7D80fY9xMYu5mHhUhXEFw,Moon Dev,,4505.0,679
152,oI0vHRAUqxs,Binance's AsterDex Trading Bot & API Tutorial (step by step documentation),,https://www.youtube.com/watch?v=oI0vHRAUqxs,UCN7D80fY9xMYu5mHhUhXEFw,Moon Dev,,7345.0,2992
153,sZSyOMC9bNU,claude code just drastically changed trading view forever,,https://www.youtube.com/watch?v=sZSyOMC9bNU,UCN7D80fY9xMYu5mHhUhXEFw,Moon Dev,,9078.0,3055
154,l8rZsdVfXKc,Claude Code Just Made An Impossible Trading Bot Possible,,https://www.youtube.com/watch?v=l8rZsdVfXKc,UCN7D80fY9xMYu5mHhUhXEFw,Moon Dev,,3080.0,883
155,ev4GG4E4h-g,i cracked tradingview only using claude code agents,,https://www.youtube.com/watch?v=ev4GG4E4h-g,UCN7D80fY9xMYu5mHhUhXEFw,Moon Dev,,2990.0,2733
156,rvSHIP8r-5o,Claude Code 4 Tradingview To Make You ACTUALLY Profitable,,https://www.youtube.com/watch?v=rvSHIP8r-5o,UCN7D80fY9xMYu5mHhUhXEFw,Moon Dev,,1839.0,4058
157,46WN-iCOsPQ,How To Make Custom Solana Wallet Addresses,,https://www.youtube.com/watch?v=46WN-iCOsPQ,UCN7D80fY9xMYu5mHhUhXEFw,Moon Dev,,8074.0,499
158,IO6MXXrk7fM,TradingView vs Python Trading Strategies (Prove Your Edge),,https://www.youtube.com/watch?v=IO6MXXrk7fM,UCN7D80fY9xMYu5mHhUhXEFw,Moon Dev,,3166.0,1904
159,73I6_4J7-k8,actual AI trading bots that anyone can build,,https://www.youtube.com/watch?v=73I6_4J7-k8,UCN7D80fY9xMYu5mHhUhXEFw,Moon Dev,,7120.0,1001
160,Hqb00u1jgSM,Claude Code Makes Onchain Trading EASY,,https://www.youtube.com/watch?v=Hqb00u1jgSM,UCN7D80fY9xMYu5mHhUhXEFw,Moon Dev,,10067.0,783
161,c1k3aKkLg_c,i cracked the code to TRADING VIEW with CLAUDE CODE,,https://www.youtube.com/watch?v=c1k3aKkLg_c,UCN7D80fY9xMYu5mHhUhXEFw,Moon Dev,,7364.0,4634
162,EV_Dgpm1Mgw,Pump Fun Creator Coin Trading Bots (DANGER),,https://www.youtube.com/watch?v=EV_Dgpm1Mgw,UCN7D80fY9xMYu5mHhUhXEFw,Moon Dev,,4335.0,1156
163,Du8lROM8Xqk,hands down easiest way to automate your trading with claude code,,https://www.youtube.com/watch?v=Du8lROM8Xqk,UCN7D80fY9xMYu5mHhUhXEFw,Moon Dev,,6266.0,2800
164,Tvs3wEt2H8I,how to actually use claude code for trading,,https://www.youtube.com/watch?v=Tvs3wEt2H8I,UCN7D80fY9xMYu5mHhUhXEFw,Moon Dev,,6948.0,5239
165,-95hovfSo9g,I Tried Coding a 100x Trading Bot From Scratch!,,https://www.youtube.com/watch?v=-95hovfSo9g,UCN7D80fY9xMYu5mHhUhXEFw,Moon Dev,,9646.0,1516
166,_H16t9F4htI,i figured out the secret to Prediction Markets with Claude code ($2.2m),,https://www.youtube.com/watch?v=_H16t9F4htI,UCN7D80fY9xMYu5mHhUhXEFw,Moon Dev,,9631.0,4167
167,ffuE5QuHuQU,i cracked the code to PREDICTION markets with CLAUDE code,,https://www.youtube.com/watch?v=ffuE5QuHuQU,UCN7D80fY9xMYu5mHhUhXEFw,Moon Dev,,13545.0,2749
168,H3JnoczFnVY,How to collect Tick Data to Get a MASSIVE edge in TRADING,,https://www.youtube.com/watch?v=H3JnoczFnVY,UCN7D80fY9xMYu5mHhUhXEFw,Moon Dev,,4192.0,2550
169,sJfwegO57U4,This New Claude Agent Just Changed Trading Forever (182%),,https://www.youtube.com/watch?v=sJfwegO57U4,UCN7D80fY9xMYu5mHhUhXEFw,Moon Dev,,6744.0,963
170,RkKB725yyn4,Claude Code Just Made Finding Winning Trading Strategies EASY,,https://www.youtube.com/watch?v=RkKB725yyn4,UCN7D80fY9xMYu5mHhUhXEFw,Moon Dev,,6598.0,2881
171,W0gooNe74qs,"ai coded 72 trade bot tests and found some gems (58,109% ROI)",,https://www.youtube.com/watch?v=W0gooNe74qs,UCN7D80fY9xMYu5mHhUhXEFw,Moon Dev,,7116.0,1267
172,q4pQz5qu9QE,Can AI significantly improve Trading in 2025? i tested it.,,https://www.youtube.com/watch?v=q4pQz5qu9QE,UCN7D80fY9xMYu5mHhUhXEFw,Moon Dev,,5135.0,958
173,AK8KTg5bisA,Beginners Guide To Solana Trading Bots in 2025,,https://www.youtube.com/watch?v=AK8KTg5bisA,UCN7D80fY9xMYu5mHhUhXEFw,Moon Dev,,42564.0,4355
174,iBJ2fOAVAMo,OpenAI Trading Bots (Full Course),,https://www.youtube.com/watch?v=iBJ2fOAVAMo,UCN7D80fY9xMYu5mHhUhXEFw,Moon Dev,,41747.0,2265
175,oVRtIH4k-gc,Solana Onchain Trading Bot Course (Step by Step in 2025),,https://www.youtube.com/watch?v=oVRtIH4k-gc,UCN7D80fY9xMYu5mHhUhXEFw,Moon Dev,,39627.0,2454
176,DV7nfIECiZw,Prediction Market Trading Bot in Python (Polymarket API step by step),,https://www.youtube.com/watch?v=DV7nfIECiZw,UCN7D80fY9xMYu5mHhUhXEFw,Moon Dev,,40855.0,10148
177,F5ktIwGWRGk,Why ChatGPT Can't Predict Crypto But This AI Can!,,https://www.youtube.com/watch?v=F5ktIwGWRGk,UCN7D80fY9xMYu5mHhUhXEFw,Moon Dev,,12705.0,2194
178,YzonIzs0AOs,How To Actually Build a Trading Bot in 2025,,https://www.youtube.com/watch?v=YzonIzs0AOs,UCN7D80fY9xMYu5mHhUhXEFw,Moon Dev,,3840.0,2233
179,SCvUYdh6rjA,Results of Actual AI Applied To Trading,,https://www.youtube.com/watch?v=SCvUYdh6rjA,UCN7D80fY9xMYu5mHhUhXEFw,Moon Dev,,14967.0,1837
180,WlrIIlsYa3g,Use AI in Trading (The Easy Way),,https://www.youtube.com/watch?v=WlrIIlsYa3g,UCN7D80fY9xMYu5mHhUhXEFw,Moon Dev,,4107.0,1026
181,Pg7ThdK53Gg,AI in Trading for Beginners Guide  - No More Paid Courses!,,https://www.youtube.com/watch?v=Pg7ThdK53Gg,UCN7D80fY9xMYu5mHhUhXEFw,Moon Dev,,16095.0,3614
182,_j2XimaWq-M,My Voice AI Controls My Computer (& Life),,https://www.youtube.com/watch?v=_j2XimaWq-M,UCN7D80fY9xMYu5mHhUhXEFw,Moon Dev,,7901.0,767
183,2msTQBmOE8o,Beginner’s ML 4 Trading Guide (Better than AI),,https://www.youtube.com/watch?v=2msTQBmOE8o,UCN7D80fY9xMYu5mHhUhXEFw,Moon Dev,,16860.0,2825
184,c154a5CDr2w,Trading Bot Course 2025 | Everything You Need To Know,,https://www.youtube.com/watch?v=c154a5CDr2w,UCN7D80fY9xMYu5mHhUhXEFw,Moon Dev,,8738.0,2451
185,MO2kxrujBGU,This is what happens when you DO NOT include Fees in your backtests,,https://www.youtube.com/watch?v=MO2kxrujBGU,UCN7D80fY9xMYu5mHhUhXEFw,Moon Dev,,443.0,520
186,K6FBI8mZ5Us,No Bullsh*t Guide to Making Trading Bots (Full Stack Revealed),,https://www.youtube.com/watch?v=K6FBI8mZ5Us,UCN7D80fY9xMYu5mHhUhXEFw,Moon Dev,,15654.0,1679
187,UqRkIBvHKoc,The Biggest Opportunity Right Now... It's Not Hand Trading,,https://www.youtube.com/watch?v=UqRkIBvHKoc,UCN7D80fY9xMYu5mHhUhXEFw,Moon Dev,,17908.0,1754
188,yt-D4FwCsaI,give me 55 sec.. i'll AUTOMATE your trading,,https://www.youtube.com/watch?v=yt-D4FwCsaI,UCN7D80fY9xMYu5mHhUhXEFw,Moon Dev,,55.0,3942
189,1WJ0xZUeqcU,Beginner’s Trading Bot Guide  - No More Paid Courses!,,https://www.youtube.com/watch?v=1WJ0xZUeqcU,UCN7D80fY9xMYu5mHhUhXEFw,Moon Dev,,6408.0,5081
190,d5Ve3UWVFyI,Everything You Need To Start Making AI Trading Bots (As A Beginner),,https://www.youtube.com/watch?v=d5Ve3UWVFyI,UCN7D80fY9xMYu5mHhUhXEFw,Moon Dev,,3051.0,5393
191,E4rH9_WFlC4,how to ACTUALLY make money in tech from 2025-2027,,https://www.youtube.com/watch?v=E4rH9_WFlC4,UCN7D80fY9xMYu5mHhUhXEFw,Moon Dev,,5089.0,3516
192,Vu62g43_1aE,Harvard Algorithmic Trading with AI (for CS50 Grads),,https://www.youtube.com/watch?v=Vu62g43_1aE,UCN7D80fY9xMYu5mHhUhXEFw,Moon Dev,,5624.0,3940
193,s5Ngi-K-9Zw,giving ai agents that can see everyones positions to iquidate them,,https://www.youtube.com/watch?v=s5Ngi-K-9Zw,UCN7D80fY9xMYu5mHhUhXEFw,Moon Dev,,10978.0,1719
194,frrfFXfG-Rg,how to actually build ai agents that trade autonomously,,https://www.youtube.com/watch?v=frrfFXfG-Rg,UCN7D80fY9xMYu5mHhUhXEFw,Moon Dev,,1142.0,13411
195,JwGfdnnyUAs,how to actually use ai for trading,,https://www.youtube.com/watch?v=JwGfdnnyUAs,UCN7D80fY9xMYu5mHhUhXEFw,Moon Dev,,25879.0,542356
196,drxTuq9jhCk,Jim Simons told us everything needed to be an algo trader (MIT lecture),,https://www.youtube.com/watch?v=drxTuq9jhCk,UCN7D80fY9xMYu5mHhUhXEFw,Moon Dev,,5392.0,16540
197,ZGLxCJiaR2Q,how to actually make money with coding (indie does $7.2m/yr),,https://www.youtube.com/watch?v=ZGLxCJiaR2Q,UCN7D80fY9xMYu5mHhUhXEFw,Moon Dev,,6165.0,119536
198,BgQ6wq77oP0,"he makes $150,000/wk with AI (while living in 40 countries)",,https://www.youtube.com/watch?v=BgQ6wq77oP0,UCN7D80fY9xMYu5mHhUhXEFw,Moon Dev,,4215.0,30158
199,grjzISnVc2A,we can now short meme coins to 0..,,https://www.youtube.com/watch?v=grjzISnVc2A,UCN7D80fY9xMYu5mHhUhXEFw,Moon Dev,,1491.0,49228
200,h5rufR8asM0,advanced futures trading strategies (but i go over 90 strategies),,https://www.youtube.com/watch?v=h5rufR8asM0,UCN7D80fY9xMYu5mHhUhXEFw,Moon Dev,,9629.0,4567
201,xjnFv1uC0K4,how to actually do algorithmic trading,,https://www.youtube.com/watch?v=xjnFv1uC0K4,UCN7D80fY9xMYu5mHhUhXEFw,Moon Dev,,40691.0,15125
202,jz3tEsCcie0,how to actually build a trading bot,,https://www.youtube.com/watch?v=jz3tEsCcie0,UCN7D80fY9xMYu5mHhUhXEFw,Moon Dev,,33263.0,338245
203,Grq467uD-3o,86x Meme Coin Trading Bot...,,https://www.youtube.com/watch?v=Grq467uD-3o,UCN7D80fY9xMYu5mHhUhXEFw,Moon Dev,,8048.0,13682
204,GA0Pag9Ob34,openai's new turbo ai to snipe meme coins 24/7,,https://www.youtube.com/watch?v=GA0Pag9Ob34,UCN7D80fY9xMYu5mHhUhXEFw,Moon Dev,,5148.0,13817
205,mMrkbszl9Xo,Dr. Ernest Chan: His Unheard Approach To AI in Trading,,https://www.youtube.com/watch?v=mMrkbszl9Xo,UCN7D80fY9xMYu5mHhUhXEFw,Moon Dev,,2788.0,17172
206,Uk6WLJNsC4c,solana sniper bot that buys before you,,https://www.youtube.com/watch?v=Uk6WLJNsC4c,UCN7D80fY9xMYu5mHhUhXEFw,Moon Dev,,5492.0,15865
207,DnjdSmwe4Cc,this is the best ai trading bot i've seen autogpt build in python,,https://www.youtube.com/watch?v=DnjdSmwe4Cc,UCN7D80fY9xMYu5mHhUhXEFw,Moon Dev,,1659.0,79848
208,Q2kSA1Ns8oQ,solana sniper bot in python that actually works,,https://www.youtube.com/watch?v=Q2kSA1Ns8oQ,UCN7D80fY9xMYu5mHhUhXEFw,Moon Dev,,14836.0,27427
209,F-OhChPVlPY,How to Make a Solana Meme Coin Bot (in Python),,https://www.youtube.com/watch?v=F-OhChPVlPY,UCN7D80fY9xMYu5mHhUhXEFw,Moon Dev,,4431.0,10996
210,ahlN5Jzu_CQ,How To Use The Birdeye API (Documentation Walk Through),,https://www.youtube.com/watch?v=ahlN5Jzu_CQ,UCN7D80fY9xMYu5mHhUhXEFw,Moon Dev,,9633.0,42178
211,LjTaadVd9gQ,Algorithmic Trading PYTHON: Crafting a Profitable Market Maker Bot,,https://www.youtube.com/watch?v=LjTaadVd9gQ,UCN7D80fY9xMYu5mHhUhXEFw,Moon Dev,,1056.0,10452
212,NJ34aEP3goY,MEXC Trading BOT (Step By Step Tutorial),,https://www.youtube.com/watch?v=NJ34aEP3goY,UCN7D80fY9xMYu5mHhUhXEFw,Moon Dev,,2092.0,21721
213,Jl1geJzjRXk,Official Process To Automate your Trading (A-Z from ZERO),,https://www.youtube.com/watch?v=Jl1geJzjRXk,UCN7D80fY9xMYu5mHhUhXEFw,Moon Dev,,4015.0,606
214,3JhZiXAeC1U,How to Delete emotions by Automating Your Trading,,https://www.youtube.com/watch?v=3JhZiXAeC1U,UCN7D80fY9xMYu5mHhUhXEFw,Moon Dev,,3443.0,274
215,ndPIS61ybJM,How to Backtest ANY Trading Strategy with Backtesting.py (TRADERS CHEAT CODE),,https://www.youtube.com/watch?v=ndPIS61ybJM,UCN7D80fY9xMYu5mHhUhXEFw,Moon Dev,,2944.0,15782
216,D-oYWpr4pxY,Smart Money Concepts Trading Bot (step by step tutorial),,https://www.youtube.com/watch?v=D-oYWpr4pxY,UCN7D80fY9xMYu5mHhUhXEFw,Moon Dev,,4432.0,6959
217,slJ8XpUG_NU,AutoGPT Install Tutorial: Get Your AI Working Now!,,https://www.youtube.com/watch?v=slJ8XpUG_NU,UCN7D80fY9xMYu5mHhUhXEFw,Moon Dev,,1405.0,12256
218,JWELpf_5JvU,AutoGPT just OBLITERATED all Traders,,https://www.youtube.com/watch?v=JWELpf_5JvU,UCN7D80fY9xMYu5mHhUhXEFw,Moon Dev,,989.0,35678
219,-Cu-iU624ws,How to use Chat GPT 4 to build Trading Bots,,https://www.youtube.com/watch?v=-Cu-iU624ws,UCN7D80fY9xMYu5mHhUhXEFw,Moon Dev,,1062.0,15447
220,9-34uQpEYk8,How To Use The CoinGecko API in 2024,,https://www.youtube.com/watch?v=9-34uQpEYk8,UCN7D80fY9xMYu5mHhUhXEFw,Moon Dev,,3840.0,11938
221,dZHRM6FECeI,CCXT Trading Bot: Learn to Automate Your Trades!,,https://www.youtube.com/watch?v=dZHRM6FECeI,UCN7D80fY9xMYu5mHhUhXEFw,Moon Dev,,4166.0,11123
222,A-iYBnGpM7I,From ZERO to ALGO TRADER in 2024 - Step By Step (FULL COURSE),,https://www.youtube.com/watch?v=A-iYBnGpM7I,UCN7D80fY9xMYu5mHhUhXEFw,Moon Dev,,27825.0,17201
223,4mBm9p7HcII,Neural Network Python Tutorial: From ARIMA to LSTM-CNN Hybrid,,https://www.youtube.com/watch?v=4mBm9p7HcII,UCN7D80fY9xMYu5mHhUhXEFw,Moon Dev,,936.0,13595
224,g4zY3JMtb0Q,ChatGPT Tutorial: Can AI Really Replace Human Traders?,,https://www.youtube.com/watch?v=g4zY3JMtb0Q,UCN7D80fY9xMYu5mHhUhXEFw,Moon Dev,,1355.0,12497
225,v5qTYnMiUw4,Chat GPT Trading Bot | i Stopped coding without AI for algo trading,,https://www.youtube.com/watch?v=v5qTYnMiUw4,UCN7D80fY9xMYu5mHhUhXEFw,Moon Dev,,3793.0,62598
226,QLYmpGlZpG0,How To Use OpenAI to build a Trading Bot (ChatGPT ai),,https://www.youtube.com/watch?v=QLYmpGlZpG0,UCN7D80fY9xMYu5mHhUhXEFw,Moon Dev,,3541.0,209990
227,FCzx1NyoKWk,Trading Bots with Python - 7 Bots Full Course (Step By Step Tutorial),,https://www.youtube.com/watch?v=FCzx1NyoKWk,UCN7D80fY9xMYu5mHhUhXEFw,Moon Dev,,26023.0,15833
228,xSaNOtqEeN4,How to code in 2026 (for regular people),,https://www.youtube.com/watch?v=xSaNOtqEeN4,UCN7D80fY9xMYu5mHhUhXEFw,Moon Dev,,9850.0,27219
229,FrK7SUcAs-U,How To Build a Market Maker Algorithm (in Python),,https://www.youtube.com/watch?v=FrK7SUcAs-U,UCN7D80fY9xMYu5mHhUhXEFw,Moon Dev,,1702.0,22755
230,WFIZn6titnc,How to - zsh: illegal hardware instruction (TensorFlow m1 Mac),,https://www.youtube.com/watch?v=WFIZn6titnc,UCN7D80fY9xMYu5mHhUhXEFw,Moon Dev,,890.0,16593
231,nF3id-x7gY0,Tradingview Pinescript to Python Conversion [FULL TUTORIAL],,https://www.youtube.com/watch?v=nF3id-x7gY0,UCN7D80fY9xMYu5mHhUhXEFw,Moon Dev,,3423.0,12219
232,vAFfzqplBWo,i coded a trading bot live.. (293%+ roi),,https://www.youtube.com/watch?v=vAFfzqplBWo,UCN7D80fY9xMYu5mHhUhXEFw,Moon Dev,,9549.0,18743
233,3EQsDdjZTlc,How to use CCXT to make a TRADING BOT (2024 Tutorial),,https://www.youtube.com/watch?v=3EQsDdjZTlc,UCN7D80fY9xMYu5mHhUhXEFw,Moon Dev,,841.0,32029
234,S7VprUm5oY0,How To Do Algorithmic Trading (Beginner to Expert 2024),,https://www.youtube.com/watch?v=S7VprUm5oY0,UCN7D80fY9xMYu5mHhUhXEFw,Moon Dev,,707.0,5063
